{
  "project_info": {
    "project_number": "460156056256",
    "firebase_url": "https://imagelabeling-c0a0a.firebaseio.com",
    "project_id": "imagelabeling-c0a0a",
    "storage_bucket": "imagelabeling-c0a0a.appspot.com"
  },
  "client": [
    {
      "client_info": {
        "mobilesdk_app_id": "1:460156056256:android:b2fb8befd1144b67",
        "android_client_info": {
          "package_name": "com.ayushivadwala.imagelabeling"
        }
      },
      "oauth_client": [
        {
          "client_id": "460156056256-1gsvnb6r9smlbp72c6bnsoi075ueo8od.apps.googleusercontent.com",
          "client_type": 1,
          "android_info": {
            "package_name": "com.ayushivadwala.imagelabeling",
            "certificate_hash": "5a09d86bb895d5cf559973ade2c7beb064cb9ea8"
          }
        },
        {
          "client_id": "460156056256-qd2fmv9064m4gai66d24iira5h9pvuom.apps.googleusercontent.com",
          "client_type": 3
        }
      ],
      "api_key": [
        {
          "current_key": "AIzaSyAVY4Mc-vcKfRmBxOKsX1Mfxut2bNz48Zo"
        }
      ],
      "services": {
        "appinvite_service": {
          "other_platform_oauth_client": [
            {
              "client_id": "460156056256-qd2fmv9064m4gai66d24iira5h9pvuom.apps.googleusercontent.com",
              "client_type": 3
            }
          ]
        }
      }
    }
  ],
  "configuration_version": "1"
}